;name;addr:full;addr:street;addr:housenumber;addr:housename;addr:floor;addr:postcode;addr:city;contact:phone;contact:email;operator;latitude;longitude;amenity;social_facility:for;source;source:date
1;Oficina d'informació de l'Institut Català de les Dones a Barcelona;Plaça Pere Coromines, 1;Plaça Pere Coromines;1;;;08001;Barcelona;+34 934 951600 ;icd@gencat.cat;Generalitat de Catalunya;41,377354;2,1717;social_facility;woman;Generalitat de Catalunya;2018-05-03
2;Servei d'informació i atenció a les dones (SIAD) de Figueres;Carrer Poeta Marquina, 2 (Edifici de l'Antic Registre);Carrer Poeta Marquina;2;Edifici de l'Antic Registre;;17600;Figueres;+34 972 513808 ;siad@figueres.org;Ajuntament de Figueres;42,26605;2,95641;social_facility;woman;Generalitat de Catalunya;2018-05-03
3;Servei d'informació i atenció a les dones (SIAD) de Castelldefels;Carrer Església, 117 baixos;Carrer Església;117;;Baixos;08860;Castelldefels;+34 936 651150  (ext 504);igualtat@castelldefels.org;Ajuntament de Castelldefels;41,28762;1,98504;social_facility;woman;Generalitat de Catalunya;2018-05-03
4;Servei d'informació i atenció a les dones (SIAD) de Santa Cristina d'Aro;Passatge Pompeu Fabra, 2;Passatge Pompeu Fabra;2;;;17246;Santa Cristina d'Aro;+34 972 837391 ;igualtat@santacristina.net;Ajuntament de Santa Cristina d'Aro;41,79001;3,02541;social_facility;woman;Generalitat de Catalunya;2018-05-03
5;Servei d'informació i atenció a les dones (SIAD) d'Esplugues de Llobregat;Carrer Sant Francesc Xavier, 1;Carrer Sant Francesc Xavier;1;;;08950;Esplugues de Llobregat;+34 933 713350 ;apastor@esplugues.cat;Ajuntament d'Esplugues de Llobregat;41,3746;2,08533;social_facility;woman;Generalitat de Catalunya;2018-05-03
6;Servei d'informació i atenció a les dones (SIAD) de Vilafranca del Penedès;Plaça Penedès, 3, 2n pis;Plaça Penedès;3;;2;08720;Vilafranca del Penedès;+34 938 903218 ;casaligualtat@vilafranca.org;Ajuntament de Vilafranca del Penedès;41,34404;1,69945;social_facility;woman;Generalitat de Catalunya;2018-05-03
7;Servei d'informació i atenció a les dones (SIAD) de Martorelles;Carrer de l'Església, 1, baixos;Carrer de l'Església;1;;Baixos;08107;Martorelles;+34 935 701252 ;serveissocials@martorelles.cat;Ajuntament de Martorelles;41,64018;2,40511;social_facility;woman;Generalitat de Catalunya;2018-05-03
8;Servei d'informació i atenció a les dones (SIAD) de Barberà del Vallès;Plaça de la vila, 1, baixos dreta;Plaça de la vila;1;;Baixos dreta;08210;Barberà del Vallès;+34 937 297171 ;carozm@bdv.cat;Ajuntament de Barberà del Vallès;41,5155538;2,1248544;social_facility;woman;Generalitat de Catalunya;2018-05-03
9;Servei d'informació i atenció a les dones (SIAD) de les Franqueses del Vallès;Carrer Aragó, 24;Carrer Aragó;24;;;08520;Les franqueses del Vallès;+34 938 465862 ;marta.fuertes@lesfranqueses.cat;Ajuntament de les Franqueses del Vallès;41,618;2,29483;social_facility;woman;Generalitat de Catalunya;2018-05-03
10;Servei d'informació i atenció a les dones (SIAD) de Castellar del Vallès;Plaça Major, s/n (Edifici Mirador);Plaça Major;s/n;Edifici Mirador;;08211;Castellar del Vallès;+34 937 144040 ;eminguell@castellarvalles.cat;Ajuntament de Castellar del Vallès;41,61636;2,08624;social_facility;woman;Generalitat de Catalunya;2018-05-03
11;Servei d'informació i atenció a les dones (SIAD) de Sant Pere de Ribes;Plaça de la Vinya d'en Petaca, s/n. Ajuntament de Les Roquetes;Plaça de la Vinya d'en Petaca;s/n;Ajuntament de Les Roquetes;;08812;Les Roquetes. Sant Pere de Ribes;+34 938 109268 ;siad@santperederibes.cat;Ajuntament de Sant Pere de Ribes;41,2266;1,74818;social_facility;woman;Generalitat de Catalunya;2018-05-03
12;Servei d'informació i atenció a les dones (SIAD) d'Olesa de Montserrat;Parc Municipal, s/n (Edifici Cal Mané);Parc Municipal;s/n;Edifici Cal Mané;;08640;Olesa de Montserrat;+34 937 780050 ;aj147.cird@olesam.cat;Ajuntament d'Olesa de Montserrat;41,54517;1,89134;social_facility;woman;Generalitat de Catalunya;2018-05-03
13;Servei d'informació i atenció a les dones (SIAD) del Priorat;Plaça de la Quartera, 1;Plaça de la Quartera;1;;;43730;Falset;+34 977 830119 ;siad@priorat.cat;Consell Comarcal del Priorat;41,14652;0,82035;social_facility;woman;Generalitat de Catalunya;2018-05-03
14;Servei d'informació i atenció a les dones (SIAD) del Pla de l'Estany;Carrer Pere Alsius, 10, 1r;Carrer Pere Alsius;10;;1;17820;Banyoles;+34 972 580388 ;siad@cbsplaestany.cat;Consorci de Benestar Social Pla de l'Estany - Banyoles;42,11604;2,76381;social_facility;woman;Generalitat de Catalunya;2018-05-03
15;Servei d'informació i atenció a les dones (SIAD) de Sant Vicenç dels Horts;Carrer Claverol, 6-8, 1a planta (Edifici de la Foneria);Carrer Claverol;6-8;Edifici de la Foneria;1;08620;Sant Vicenç dels Horts;+34 936 029216 ;igualtat@svh.cat;Ajuntament de Sant Vicenç dels Horts;41,38807;2,00797;social_facility;woman;Generalitat de Catalunya;2018-05-03
16;Servei d'informació i atenció a les dones (SIAD) del Masnou;Plaça de la Llibertat (Espai El Casinet);Plaça de la Llibertat;;;;08320;El Masnou;+34 935 571870 ;igualtat@elmasnou.cat;Ajuntament d'El Masnou;41,47913;2,3182;social_facility;woman;Generalitat de Catalunya;2018-05-03
17;Servei d'informació i atenció a les dones (SIAD) del Pallars Jussà;Carrer de Soldevila, 18;Carrer de Soldevila;18;;;25620;Tremp;+34 973 650187 ;siad@pallarsjussa.cat;Consell Comarcal del Pallars Jussà;42,16636;0,89478;social_facility;woman;Generalitat de Catalunya;2018-05-03
18;Servei d'informació i atenció a les dones (SIAD) de l'Alt Penedès;Carrer Hermenegild Clascar, 1-3;Carrer Hermenegild Clascar;1-3;;;08720;Vilafranca del Penedès;+34 938 900000 ;ssocials@ccapenedes.cat;Consell Comarcal de l'Alt Penedès;41,34598;1,69626;social_facility;woman;Generalitat de Catalunya;2018-05-03
19;Servei d'informació i atenció a les dones (SIAD) de Berga;Carrer Voltes de Claris, 12;Carrer Voltes de Claris;12;;;08600;Berga;+34 938 215331 ;puntdona@ajberga.cat;Ajuntament de Berga;42,10439;1,84699;social_facility;woman;Generalitat de Catalunya;2018-05-03
20;Servei d'informació i atenció a les dones (SIAD) de Ripollet;Carrer Balmes, 2, planta baixa;Carrer Balmes;2;;Baixos;08291;Ripollet;+34 935 046040 ;siad@ripollet.cat;Ajuntament de Ripollet;41,49649;2,15347;social_facility;woman;Generalitat de Catalunya;2018-05-03
21;Servei d'informació i atenció a les dones (SIAD) de Calafell;Carrer Lluís Companys, 57, baixos;Carrer Lluís Companys;57;;Baixos;43820;Calafell;+34 977 699009 ;siad@calafell.org;Ajuntament de Calafell;41,19219;1,60666;social_facility;woman;Generalitat de Catalunya;2018-05-03
22;Servei d'informació i atenció a les dones (SIAD) del Baix Empordà;Plaça Joan Carreras i Dagas, 1;Plaça Joan Carreras i Dagas;1;;;17100;La Bisbal d'Empordà;+34 972 642310 ;siad@baixemporda.cat;Consell Comarcal del Baix Empordà;41,95793;3,03848;social_facility;woman;Generalitat de Catalunya;2018-05-03
23;Servei d'informació i atenció a les dones (SIAD) del Pla d'Urgell;Carrer de Prat de la Riba, 1;Carrer de Prat de la Riba;1;;;25230;Mollerussa;+34 973 711313 ;areadona@plaurgell.cat;Consell Comarcal del Pla d'Urgell;41,63168;0,89424;social_facility;woman;Generalitat de Catalunya;2018-05-03
24;Servei d'informació i atenció a les dones (SIAD) de Barcelona - Eixample;Carrer Mallorca, 219, 3a;Carrer Mallorca;219;;3;08008;Barcelona;+34 932 562819 ;piad_eixample@bcn.cat;Ajuntament de Barcelona;41,39129;2,15878;social_facility;woman;Generalitat de Catalunya;2018-05-03
25;Servei d'informació i atenció a les dones (SIAD) de L'Hospitalet de Llobregat;Plaça Can Colom, 1;Plaça Can Colom;1;;;08902;L'Hospitalet de Llobregat;+34 934 036270 ;caid@l-h.cat;Ajuntament de L'Hospitalet de Llobregat;41,3666468;2,1315464;social_facility;woman;Generalitat de Catalunya;2018-05-03
26;Servei d'informació i atenció a les dones (SIAD) de Valls;Muralla del Carme, 24, baixos;Muralla del Carme;24;;Baixos;43800;Valls;+34 977 608225 ;pad@valls.cat;Ajuntament de Valls;41,2828;1,24858;social_facility;woman;Generalitat de Catalunya;2018-05-03
27;Servei d'informació i atenció a les dones (SIAD) de l'Aran;Carrer Major, 36;Carrer Major;36;;;25530;Vielha e Mijaran;+34 973 642560 ;siah@aransalut.com;Consell General d'Aran;42,70004;0,79379;social_facility;woman;Generalitat de Catalunya;2018-05-03
28;Servei d'informació i atenció a les dones (SIAD) de Vilassar de Mar;Carrer Santa Eulàlia, 40;Carrer Santa Eulàlia;40;;;08340;Vilassar de Mar;+34 937 540500 ;diad@vilassardemar.cat;Ajuntament de Vilassar de Mar;41,50422;2,38684;social_facility;woman;Generalitat de Catalunya;2018-05-03
29;Servei d'informació i atenció a les dones (SIAD) del Prat de Llobregat;Plaça de l'Agricultura, 4;Plaça de l'Agricultura;4;;;08820;El Prat de Llobregat;+34 933 790050 ;siad@elprat.cat;Ajuntament d'El Prat de Llobregat;41,32478;2,0932;social_facility;woman;Generalitat de Catalunya;2018-05-03
30;Servei d'informació i atenció a les dones (SIAD) de Barcelona - Sarrià-Sant Gervasi;Carrer Brusi, 51-61;Carrer Brusi;51-61;;;08006;Barcelona;+34 932 002602 ;piad_sarriasantgervasi@bcn.cat;Ajuntament de Barcelona;41,40188;2,14451;social_facility;woman;Generalitat de Catalunya;2018-05-03
31;Servei d'informació i atenció a les dones (SIAD) de Barcelona - Gràcia;Plaça Vila de Gràcia, 2;Plaça Vila de Gràcia;2;;;08012;Barcelona;+34 932 914330 ;piad_gracia@bcn.cat;Ajuntament de Barcelona;41,39993;2,15791;social_facility;woman;Generalitat de Catalunya;2018-05-03
32;Servei d'informació i atenció a les dones (SIAD) de l'Alta Ribagorça;Carrer d'Aigüestortes, 12, baixos;Carrer d'Aigüestortes;12;;Baixos;25520;El Pont de Suert;+34 973 690260 ;dones@ccar.ddl.net;Consell Comarcal de l'Alta Ribagorça;42,4123;0,74075;social_facility;woman;Generalitat de Catalunya;2018-05-03
33;Servei d'informació i atenció a les dones (SIAD) la Canonja;Carrer del Raval, 8;Carrer del Raval;8;;;43110;La Canonja;+34 977 546100 ;ssocials@lacanonja.cat;Ajuntament de La Canonja;41,1227661;1,1788141;social_facility;woman;Generalitat de Catalunya;2018-05-03
34;Servei d'informació i atenció a les dones (SIAD) d'Olot-Garrotxa;Plaça Palau, 8;Plaça Palau;8;;;17800;Olot;+34 972 266644 ;csans@casg.cat;Consorci Acció Social de la Garrotxa;42,18312;2,49397;social_facility;woman;Generalitat de Catalunya;2018-05-03
35;Servei d'informació i atenció a les dones (SIAD) de les Garrigues;Avinguda de Francesc Macià, 54;Avinguda de Francesc Macià;54;;;25400;Les Borges Blanques;+34 973 142658 ;siad@garrigues.cat;Consell Comarcal de les Garrigues;41,51327;0,8765;social_facility;woman;Generalitat de Catalunya;2018-05-03
36;Servei d'informació i atenció a les dones (SIAD) de la Terra Alta;Carrer Bassa d'en Gaire, 1;Carrer de la Bassa d'en Gaire;1;;;43780;Gandesa;+34 977 420018 ;siad@terra-alta.org;Consell Comarcal de la Terra Alta;41,051473;0,4358179;social_facility;woman;Generalitat de Catalunya;2018-05-03
37;Servei d'informació i atenció a les dones (SIAD) de Torredembarra;Carrer Muralla, 16, baixos;Carrer Muralla;16;;Baixos;43830;Torredembarra;+34 977 640025 ;siad@torredembarra.cat;Ajuntament de Torredembarra;41,1444;1,3963;social_facility;woman;Generalitat de Catalunya;2018-05-03
38;Servei d'informació i atenció a les dones (SIAD) de l'Alt Urgell;Plaça de Soldevila, 1, 1a (Centre Cívic del Passeig);Plaça de Soldevila;1;Centre Cívic del Passeig;1;25700;La Seu d'Urgell;+34 973 354102 ;igualtat@capau.cat;Consell Comarcal de l'Alt Urgell;42,35821;1,46148;social_facility;woman;Generalitat de Catalunya;2018-05-03
39;Servei d'Informació i Orientació a les Dones (SIOD) d’Arbúcies;Carrer Major, 2;Carrer Major;2;;;17401;Arbúcies;+34 972 860001 ;siod@ajarbucies.cat;Ajuntament d'Arbúcies;41,8161;2,51385;social_facility;woman;Generalitat de Catalunya;2018-05-03
40;Servei d'informació i atenció a les dones (SIAD) de Roses;Plaça de l'Àngel, 4;Plaça de l'Àngel;4;;;17480;Roses;+34 972 252400 ;benestar@roses.cat;Ajuntament de Roses;42,26318;3,17819;social_facility;woman;Generalitat de Catalunya;2018-05-03
41;Oficina d'informació de l'Institut Català de les Dones a les Terres de l'Ebre;Carrer de Montcada, 23 (Palau Abària);Carrer de Montcada;23;Palau Abària;;43500;Tortosa;+34 977 441234 ;icd.terresebre@gencat.cat;Generalitat de Catalunya;40,813047;0,523474;social_facility;woman;Generalitat de Catalunya;2018-05-03
42;Servei d'informació i atenció a les dones (SIAD) de Manlleu;Carrer Enric Delaris, 7;Carrer Enric Delaris;7;;;08560;Manlleu;+34 938 510848 ;siad@manlleu.cat;Ajuntament de Manlleu;42,00014;2,28332;social_facility;woman;Generalitat de Catalunya;2018-05-03
43;Servei d'informació i atenció a les dones (SIAD) de Cervelló;Plaça del Mestre, 5, B;Plaça del Mestre;5B;;;08758;Cervelló;+34 936 841981 ;cird.donescervello@hotmail.es;Ajuntament de Cervelló;41,39736;1,95902;social_facility;woman;Generalitat de Catalunya;2018-05-03
44;Servei d'informació i atenció a les dones (SIAD) de Barcelona - les Corts;Carrer Dolors Masferrer, 33-35;Carrer Dolors Masferrer;33-35;;;08028;Barcelona;+34 932 916491 ;piad_lescorts@bcn.cat;Ajuntament de Barcelona;41,38483;2,12842;social_facility;woman;Generalitat de Catalunya;2018-05-03
45;Servei d'informació i atenció a les dones (SIAD) de l'Alt Empordà;Carrer Nou, 48;Carrer Nou;48;;;17600;Figueres;+34 972 677050 ;siad@altemporda.org;Consell Comarcal de l'Alt Empordà;42,26484;2,96358;social_facility;woman;Generalitat de Catalunya;2018-05-03
46;Servei d'informació i atenció a les dones (SIAD) de la Segarra;Passeig de Jaume Balmes, 3;Passeig de Jaume Balmes;3;;;25200;Cervera;+34 973 531300 ;siad@ccsegarra.cat;Consell Comarcal de la Segarra;41,67107;1,27507;social_facility;woman;Generalitat de Catalunya;2018-05-03
47;Servei d'informació i atenció a les dones (SIAD) de l'Alt Camp;Carrer Mossèn Martí, 3;Carrer Mossèn Martí;3;;;43800;Valls;+34 977 604258 ;benestarsocial@altcamp.cat;Consell Comarcal de l'Alt Camp;41,2886;1,24979;social_facility;woman;Generalitat de Catalunya;2018-05-03
48;Servei d'informació i atenció a les dones (SIAD) de Montcada i Reixac;Carrer Major, 32 MIR (Casa de la Vila);Carrer Major;32;Casa de la Vila;;08110;Montcada i Reixac;+34 935 651122 ;oficinadona@montcada.org;Ajuntament de Montcada i Reixac;41,48558;2,18792;social_facility;woman;Generalitat de Catalunya;2018-05-03
49;Servei d'informació i atenció a les dones (SIAD) de Granollers;Carrer Portalet, 4, 4a planta;Carrer Portalet;4;;4;08401;Granollers;+34 938 426714 ;plaigualtat@ajuntament.granollers.cat;Ajuntament de Granollers;41,60757;2,28746;social_facility;woman;Generalitat de Catalunya;2018-05-03
50;Servei d'informació i atenció a les dones (SIAD) de Sant Adrià del Besòs;Carrer Escoles, 10, baixos;Carrer Escoles;10;;Baixos;08930;Sant Adrià de Besòs;+34 934 621121 ;ciod@sant-adria.net;Ajuntament de Sant Adrià del Besòs;41,42998;2,22098;social_facility;woman;Generalitat de Catalunya;2018-05-03
51;Servei d'informació i atenció a les dones (SIAD) de Viladecans;Avinguda del Mil·lenari, 18;Avinguda del Mil·lenari;18;;;08840;Viladecans;+34 936 373322 ;siad@viladecans.cat;Ajuntament de Viladecans;41,30996;2,00768;social_facility;woman;Generalitat de Catalunya;2018-05-03
52;Servei d'informació i atenció a les dones (SIAD) de Sant Quirze del Vallès;Avinguda del Vallès 97-99 baixos (Edifici Can Tuset);Avinguda del Vallès;97-99;Edifici Can Tuset;Baixos;08192;Sant Quirze del Vallès;+34 937 216800 ;sumemxlaigualtat@santquirzevalles.cat;Ajuntament de Sant Quirze del Vallès;41,54305;2,03938;social_facility;woman;Generalitat de Catalunya;2018-05-03
53;Servei d'informació i atenció a les dones (SIAD) de Tremp;Plaça de la Creu, 1;Plaça de la Creu;1;;;25620;Tremp;+34 973 650005 ;benestar@ajuntamentdetremp.cat;Ajuntament de Tremp;42,16671;0,89579;social_facility;woman;Generalitat de Catalunya;2018-05-03
54;Servei d'informació i atenció a les dones (SIAD) de Barcelona - Sant Andreu;Carrer Foradada, 36;Carrer Foradada;36;;;08033;Barcelona;+34 933 457016 ;piad_santandreu@bcn.cat;Ajuntament de Barcelona;41,45162;2,19119;social_facility;woman;Generalitat de Catalunya;2018-05-03
55;Servei d'informació i atenció a les dones (SIAD) del Baix Ebre;Carrer Barcelona, 152;Carrer Barcelona;152;;;43500;Tortosa;+34 977 445308 ;siad@baixebre.cat;Consell Comarcal del Baix Ebre;40,7949;0,52375;social_facility;woman;Generalitat de Catalunya;2018-05-03
56;Servei d'informació i atenció a les dones (SIAD) d'Esparreguera;Carrer dels Arbres, 21, despatx 1r pis;Carrer dels Arbres;21;;1;08292;Esparreguera;+34 677 500229 ;dona@esparreguera.cat;Ajuntament d'Esparreguera;41,5395;1,86826;social_facility;woman;Generalitat de Catalunya;2018-05-03
57;Servei d'informació i atenció a les dones (SIAD) de Sitges;Carrer Joan Maragall, 36 (Edifici Escorxador);Carrer Joan Maragall;36;Edifici Escorxador;;08870;Sitges;+34 938 113180 ;igualtat@sitges;Ajuntament de Sitges;41,2373;1,81566;social_facility;woman;Generalitat de Catalunya;2018-05-03
58;Servei d'informació i atenció a les dones (SIAD) de la Conca de Barberà;Carrer Sant Josep, 18;Carrer Sant Josep;18;;;43400;Montblanc;+34 977 861232 ;siad@concadebarbera.cat;Consell Comarcal de la Conca de Barberà;41,37703;1,16283;social_facility;woman;Generalitat de Catalunya;2018-05-03
59;Servei d'informació i atenció a les dones (SIAD) del Gironès;Riera del mus, 1-A;Riera del mus;1-A;;;17003;Girona;+34 972 201962 ;siad@girones.cat;Consell Comarcal del Gironès;41,96307;2,8149;social_facility;woman;Generalitat de Catalunya;2018-05-03
60;Servei d'informació i atenció a les dones (SIAD) de l'Anoia;Plaça de Sant Miquel, 5;Plaça de Sant Miquel;5;;;08700;Igualada;+34 938 051585 ;igualtat@anoia.cat;Consell Comarcal de l'Anoia;41,57801;1,61784;social_facility;woman;Generalitat de Catalunya;2018-05-03
61;Servei d'informació i atenció a les dones (SIAD) de Tortosa;Plaça dels Dolors, 1;Plaça dels Dolors;1;;;43500;Tortosa;+34 977 445897 ;siad.coordinacio@tortosa.cat;Ajuntament de Tortosa;40,81321;0,52362;social_facility;woman;Generalitat de Catalunya;2018-05-03
62;Servei d'informació i atenció a les dones (SIAD) de Molins de Rei;Carrer Verdaguer, 95, bis (Ca n'Ametller);Carrer Verdaguer;95bis;Ca n'Ametller;;08750;Molins de Rei;+34 936 803731 ;eplu@molinsderei.cat;Ajuntament de Molins de Rei;41,41518;2,01577;social_facility;woman;Generalitat de Catalunya;2018-05-03
63;Servei d'informació i atenció a les dones (SIAD) de la Selva;Carrer del Prat, 1, 1r;Carrer del Prat;1;;1;17430;Santa Coloma de Farners;+34 872 973003 ;siad@selva.cat;Consell Comarcal de la Selva;41,8645;2,66243;social_facility;woman;Generalitat de Catalunya;2018-05-03
64;Servei d'informació i atenció a les dones (SIAD) de Llinars del Vallès;Carrer Mas Bagà, 24;Carrer Mas Bagà;24;;;08450;Llinars del Vallès;+34 938 413842 ;puntdona@llinarsdelvalles.cat;Ajuntament de Llinars del Vallès;41,64018;2,40511;social_facility;woman;Generalitat de Catalunya;2018-05-03
65;Servei d'informació i atenció a les dones (SIAD) del Bages;Muralla Sant Domènec, 24;Muralla Sant Domènec;24;;;08241;Manresa;+34 936 930363 ;dona@ccbages.cat;Consell Comarcal del Bages;41,724661;1,8218395;social_facility;woman;Generalitat de Catalunya;2018-05-03
66;Servei d'informació i atenció a les dones (SIAD) de Lloret de Mar;Plaça Pere Torrent, s/n;Plaça Pere Torrent;s/n;;;17310;Lloret de Mar;+34 972 347172 ;dones@lloret.cat;Ajuntament de Lloret de Mar;41,7003016;2,8443995;social_facility;woman;Generalitat de Catalunya;2018-05-03
67;Servei d'informació i atenció a les dones (SIAD) del Baix Camp;Carrer Doctor Ferran, 8;Carrer Doctor Ferran;8;;;43202;Reus;+34 977 327155 ;siad@baixcamp.cat;Consell Comarcal del Baix Camp;41,15444;1,10132;social_facility;woman;Generalitat de Catalunya;2018-05-03
68;Oficina d'informació de l'Institut Català de les Dones a Girona;Plaça de Pompeu Fabra, 1;Plaça de Pompeu Fabra;1;;;17002;Girona;+34 872 975874 ;icd.girona@gencat.cat;Generalitat de Catalunya;41,981169;2,822654;social_facility;woman;Generalitat de Catalunya;2018-05-03
69;Servei d'informació i atenció a les dones (SIAD) de Sant Cugat del Vallès;Avinguda de Gràcia, 59 (Casa Mònaco);Avinguda de Gràcia;59;Casa Mònaco;;08172;Sant Cugat del Vallès;+34 935 657000 ;donainformacio@santcugat.cat;Ajuntament de Sant Cugat del Vallès;41,46468;2,086;social_facility;woman;Generalitat de Catalunya;2018-05-03
70;Servei d'informació i atenció a les dones (SIAD) de Santa Perpètua de la Mogoda;Plaça Can Folguera, s/n;Plaça Can Folguera;s/n;;;08130;Santa Perpètua de Mogoda;+34 935 604205 ;rodriguezra@staperpetua.cat;Ajuntament de Santa Perpètua de la Mogoda;41,53231;2,18532;social_facility;woman;Generalitat de Catalunya;2018-05-03
71;Servei d'informació i atenció a les dones (SIAD) del Vallès Oriental;Carrer Miquel Ricomà, 46;Carrer Miquel Ricomà;46;;;08401;Granollers;+34 938 600706 ;ramonedasa@vallesoriental.cat;Consell Comarcal del Vallès Oriental;41,60603;2,2862;social_facility;woman;Generalitat de Catalunya;2018-05-03
72;Servei d'informació i atenció a les dones (SIAD) de Barcelona - Nou Barris;Plaça Major de Nou Barris, 1;Plaça Major de Nou Barris;1;;;08042;Barcelona;+34 932 916867 ;piad_noubarris@bcn.cat;Ajuntament de Barcelona;41,43692;2,1712;social_facility;woman;Generalitat de Catalunya;2018-05-03
73;Servei d'informació i atenció a les dones (SIAD) de Sant Boi de Llobregat;Carrer Ebre, 27 (Can Jordana);Carrer Ebre;27;Can Jordana;;08830;Sant Boi de Llobregat;+34 936 351200 ;crdones@santboi.cat;Ajuntament de Sant Boi de Llobregat;41,348;2,0383;social_facility;woman;Generalitat de Catalunya;2018-05-03
74;Servei d'informació i atenció a les dones (SIAD) del Baix Llobregat;Carretera Nacional - 340;Carretera Reial;159;Consell Comarcal del Baix Llobregat;;08980;Sant Feliu de Llobregat;+34 936 852400 ;conselldones@elbaixllobregat.cat;Consell Comarcal del Baix Llobregat;41,3794519;2,0565054;social_facility;woman;Generalitat de Catalunya;2018-05-03
75;Servei d'informació i atenció a les dones (SIAD) de Sant Celoni;Carrer Josep Alfaràs, 6;Carrer Josep Alfaràs;6;;;08470;Sant Celoni;+34 938 641210 ;igualtat@santceloni.cat;Ajuntament de Sant Celoni;41,69144;2,49493;social_facility;woman;Generalitat de Catalunya;2018-05-03
76;Servei d'informació i atenció a les dones (SIAD) de Barcelona - Ciutat Vella;Carrer Nou de la Rambla, 45, 4t;Carrer Nou de la Rambla;45;;4;08001;Barcelona;+34 932 563221 ;piad_ciutatvella@bcn.cat;Ajuntament de Barcelona;41,37749;2,17268;social_facility;woman;Generalitat de Catalunya;2018-05-03
77;Servei d'informació i atenció a les dones (SIAD) de Palafrugell;Carrer Pals, 77;Carrer Pals;77;;;17200;Palafrugell;+34 972 611879 ;espaidona@palafrugell.net;Ajuntament de Palafrugell;41,92097;3,16241;social_facility;woman;Generalitat de Catalunya;2018-05-03
78;Servei d'informació i atenció a les dones (SIAD) de Matadepera;Plaça de l'Ajuntament, 2;Plaça de l'Ajuntament;2;;;08230;Matadepera;+34 937 301771 ;benestarsocial@matadepera.cat;Ajuntament de Matadepera;41,59715;2,026;social_facility;woman;Generalitat de Catalunya;2018-05-03
79;Servei d'informació i atenció a les dones (SIAD) de Santa Coloma de Gramenet;Plaça Montserrat Roig, 1;Plaça Montserrat Roig;1;;;08921;Santa Coloma de Gramenet;+34 934 661411 ;bellvehiog@gramenet.cat;Ajuntament de Santa Coloma de Gramenet;41,45377;2,2055;social_facility;woman;Generalitat de Catalunya;2018-05-03
80;Servei d'informació i atenció a les dones (SIAD) de Martorell;Carrer Francesc Santacana, 13 (Casa de Cultura de la Vila);Carrer Francesc Santacana;13;Casa de Cultura de la Vila;;08760;Martorell;+34 937 735193 ;serveissocials@martorell.cat;Ajuntament de Martorell;41,47431;1,92841;social_facility;woman;Generalitat de Catalunya;2018-05-03
81;Servei d'informació i atenció a les dones (SIAD) de Vilanova i la Geltrú;Plaça de la Vila, 8;Plaça de la Vila;8;;;08800;Vilanova i la Geltrú;+34 938 169002 ;equitat@vilanova.cat;Ajuntament de Vilanova i la Geltrú;41,22408;1,72594;social_facility;woman;Generalitat de Catalunya;2018-05-03
82;Servei d'informació i atenció a les dones (SIAD) de Pineda de Mar;Carrer Barcelona, 33-35, entresòl;Carrer Barcelona;33-35;;Entresòl;08397;Pineda de Mar;+34 937 671843 ;cvalbonesi@pinedademar.org;Ajuntament de Pineda de Mar;41,624;2,68823;social_facility;woman;Generalitat de Catalunya;2018-05-03
83;Servei d'informació i atenció a les dones (SIAD) del Solsonès;Carrer dels Dominics, 14;Carrer dels Dominics;14;;;25280;Solsona;+34 973 483234 ;atenciodona@solsones.ddl.net;Consell Comarcal del Solsonès;41,99582;1,51909;social_facility;woman;Generalitat de Catalunya;2018-05-03
84;Servei d'informació i atenció a les dones (SIAD) de Tarragona;Plaça de la Font , 1;Plaça de la Font ;1;;;43003;Tarragona;+34 977 296279 ;siad@tarragona.cat;Ajuntament de Tarragona;41,1174153;1,2543236;social_facility;woman;Generalitat de Catalunya;2018-05-03
85;Servei d'informació i atenció a les dones (SIAD) del Segrià;Carrer del Canyeret, s/n;Carrer del Canyeret;s/n;;;25007;Lleida;+34 973 054800 ;siad@segria.cat;Consell Comarcal del Segrià;41,61637;0,62704;social_facility;woman;Generalitat de Catalunya;2018-05-03
86;Servei d'informació i atenció a les dones (SIAD) d'Igualada;Avinguda de la Pietat, 42-44 (Centre Cívic Fàtima);Avinguda de la Pietat;42-44;Centre Cívic Fàtima;;08700;Igualada;+34 938 031950 ;ead.siad@dae.cat;Ajuntament d'Igualada;41,58597;1,60502;social_facility;woman;Generalitat de Catalunya;2018-05-03
87;Servei d'informació i atenció a les dones (SIAD) de Corbera de Llobregat;Plaça Sant Antoni, s/n (Àrea d'Igualtat de l'Ajuntament );Plaça Sant Antoni;s/n;Àrea d'Igualtat de l'Ajuntament;;08757;Corbera de Llobregat;+34 935 175878 ;conselldones@elbaixllobregat.cat;Ajuntament de Corbera de Llobregat;41,41465;1,93004;social_facility;woman;Generalitat de Catalunya;2018-05-03
88;Servei d'informació i atenció a les dones (SIAD) de la Llagosta;Carrer Jaume I, 9 (Centre Cultural i Juvenil Can Pelegrí);Carrer Jaume I;9;Centre Cultural i Juvenil Can Pelegrí;;08120;La Llagosta;+34 935 451540 ;igualtat@llagosta.cat;Ajuntament de la Llagosta;41,5126;2,1914;social_facility;woman;Generalitat de Catalunya;2018-05-03
89;Servei d'informació i atenció a les dones (SIAD) del Montsià;Carrer Jaume I, 2-4;Carrer Jaume I;2-4;;;43870;Amposta;+34 977 707496 ;siad@montsia.cat;Consell Comarcal del Montsià;40,71257;0,58284;social_facility;woman;Generalitat de Catalunya;2018-05-03
90;Servei d'informació i atenció a les dones (SIAD) de Cambrils;Plaça de l'Ajuntament, 4;Plaça de l'Ajuntament;4;;;43850;Cambrils;+34 977 794579 (ext 4311/2226);siad@cambrils.org;Ajuntament de Cambrils;41,07132;1,05809;social_facility;woman;Generalitat de Catalunya;2018-05-03
91;Servei d'informació i atenció a les dones (SIAD) de la Cerdanya;Carrer d'Alfons I, 50-52, baixos;Carrer d'Alfons I;50-52;;Baixos;17520;Puigcerdà;+34 972 141313 ;siad@cerdanya.org;Consell Comarcal de la Cerdanya;42,43382;1,9293;social_facility;woman;Generalitat de Catalunya;2018-05-03
92;Servei d'informació i atenció a les dones (SIAD) de Barcelona - Sant Martí;Gran Via Corts Catalanes, 837;Gran Via Corts Catalanes;837;;;08018;Barcelona;+34 933 077260 ;piad_santmarti@bcn.cat;Ajuntament de Barcelona;41,40523;2,18821;social_facility;woman;Generalitat de Catalunya;2018-05-03
93;Servei d'informació i atenció a les dones (SIAD) del Baix Penedès;Plaça Pep Jai, 2, baixos;Plaça Pep Jai;2;;Baixos;43700;El Vendrell;+34 977 157177 ;ssespecialitzats@baixpenedes.cat;Consell Comarcal del Baix Penedès;41,22292;1,53482;social_facility;woman;Generalitat de Catalunya;2018-05-03
94;Servei d'informació i atenció a les dones (SIAD) del Garraf;Plaça de Beatriu de Claramunt, 5-8;Plaça de Beatriu de Claramunt;5-8;;;08800;Vilanova i la Geltrú;+34 938 100410 ;siad@ccgarraf.cat;Consell Comarcal del Garraf;41,22305;1,71411;social_facility;woman;Generalitat de Catalunya;2018-05-03
95;Oficina d'informació de l'Institut Català de les Dones a Tarragona;Carrer de Sant Francesc, 3;Carrer de Sant Francesc;3;;;43003;Tarragona;+34 977 241304 ;icd.tarragona@gencat.cat;Generalitat de Catalunya;41,116657;1,253299;social_facility;woman;Generalitat de Catalunya;2018-05-03
96;Servei d'informació i atenció a les dones (SIAD) de Lleida;Plaça dels Fanalets de Sant Jaume, s/n;Plaça dels Fanalets de Sant Jaume;s/n;;;25002;Lleida;+34 973 700461 ;politiquesigualtat@paeria.cat;Ajuntament de Lleida;41,61399;0,62376;social_facility;woman;Generalitat de Catalunya;2018-05-03
97;Servei d'informació i atenció a les dones (SIAD) de Terrassa;Carrer Nou de Sant Pere, 36;Carrer Nou de Sant Pere;36;;;08221;Terrassa;+34 937 397408 ;polgenere@terrassa.cat;Ajuntament de Terrassa;41,56537;2,01374;social_facility;woman;Generalitat de Catalunya;2018-05-03
98;Servei d'informació i atenció a les dones (SIAD) de Salou;Carrer de l'Ebre, 11;Carrer de l'Ebre;11;;;43840;Salou;+34 977 309206 ;siadones@salou.cat;Ajuntament de Salou;41,08105;1,13316;social_facility;woman;Generalitat de Catalunya;2018-05-03
99;Servei d'informació i atenció a les dones (SIAD) de Girona;Carrer Joan Reglà, 16, baixos;Carrer Joan Reglà;16;;Baixos;17003;Girona;+34 972 222478 ;siad@ajgirona.org;Ajuntament de Girona;41,97125;2,8229;social_facility;woman;Generalitat de Catalunya;2018-05-03
100;Servei d'informació i atenció a les dones (SIAD) de Mataró;Carrer Tres Roques, 21;Carrer Tres Roques;21;;;08304;Mataró;+34 937 022812 ;dona@ajmataro.cat;Ajuntament de Mataró;41,54332;2,42807;social_facility;woman;Generalitat de Catalunya;2018-05-03
101;Servei d'informació i atenció a les dones (SIAD) de Barcelona - Horta-Guinardó;Carrer Arenys, 75;Carrer Arenys;75;;;08035;Barcelona;+34 934 200008 ;piad_horta@bcn.cat;Ajuntament de Barcelona;41,42253;2,14464;social_facility;woman;Generalitat de Catalunya;2018-05-03
102;Servei d'informació i atenció a les dones (SIAD) de Sant Feliu de Llobregat;Plaça Lluís Companys, 1;Plaça Lluís Companys;1;;;08980;Sant Feliu de Llobregat;+34 936 858002 ;castellotecr@santfeliu.cat;Ajuntament de Sant Feliu de Llobregat;41,3814611;2,045367;social_facility;woman;Generalitat de Catalunya;2018-05-03
103;Servei d'informació i atenció a les dones (SIAD) del Pallars Sobirà;Carrer del Mig, 9;Carrer del Mig;9;;;25560;Sort;+34 973 620107 ;siad@pallarssobira.cat;Consell Comarcal del Pallars Sobirà;42,41179;1,13031;social_facility;woman;Generalitat de Catalunya;2018-05-03
104;Servei d'informació i atenció a les dones (SIAD) de Premià de Mar;Carrer Joan XXIII, 2-8 (antiga Fàbrica del Gas);Carrer Joan XXIII;2-8;antiga Fàbrica del Gas;;08330;Premià de Mar;+34 937 417404 ;servaispe@premiademar.cat;Ajuntament de Premià de Mar;41,48842;2,35276;social_facility;woman;Generalitat de Catalunya;2018-05-03
105;Servei d'informació i atenció a les dones (SIAD) de Barcelona - Sants-Montjuïc;Carrer de Sants, 79 - 81;Carrer de Sants;79-81;;;08014;Barcelona;+34 932 918731 ;piad_santsmontjuic@bcn.cat;Ajuntament de Barcelona;41,37527;2,13689;social_facility;woman;Generalitat de Catalunya;2018-05-03
106;Servei d'informació i atenció a les dones (SIAD) de Sant Andreu de la Barca;Plaça de l'Ajuntament, 1, 2a planta;Plaça de l'Ajuntament;1;;2;08740;Sant Andreu de la Barca;+34 936 356402 ;siad@sabarca.cat;Ajuntament de Sant Andreu de la Barca;41,45004;1,9712;social_facility;woman;Generalitat de Catalunya;2018-05-03
107;Servei d'informació i atenció a les dones (SIAD) de Blanes;Plaça d'Argentina, 5;Plaça d'Argentina;5;;;17300;Blanes;+34 972 336207 ;adones@blanes.cat;Ajuntament de Blanes;41,66767;2,78433;social_facility;woman;Generalitat de Catalunya;2018-05-03
108;Servei d'informació i atenció a les dones (SIAD) de Sabadell;Carrer Vidal, 146;Carrer Vidal;146;;;08208;Sabadell;+34 937 246167 ;genere@ajsabadell.cat;Ajuntament de Sabadell;41,55398;2,11259;social_facility;woman;Generalitat de Catalunya;2018-05-03
109;Servei d'informació i atenció a les dones (SIAD) de Gavà;Carrer Generalitat, 7;Carrer Generalitat;7;;;08850;Gavà;+34 932 639222 ;siad@gava.cat;Ajuntament de Gavà;41,30328;2,00458;social_facility;woman;Generalitat de Catalunya;2018-05-03
110;Servei d'informació i atenció a les dones (SIAD) de Manresa;Carrer de la Canal, 6, 1r;Carrer de la Canal;6;;1;08241;Manresa;+34 938 752310 ;siad@ajmanresa.cat;Ajuntament de Manresa;41,72423;1,82557;social_facility;woman;Generalitat de Catalunya;2018-05-03
111;Servei d'informació i atenció a les dones (SIAD) de Mollet del Vallès;Carrer Àngel Guimerà, 15;Carrer Àngel Guimerà;15;;;08100;Mollet del Vallès;+34 935 707747 ;SIAD@molletvalles.cat;Ajuntament de Mollet del Vallès;41,53504;2,21542;social_facility;woman;Generalitat de Catalunya;2018-05-03
112;Servei d'informació i atenció a les dones (SIAD) de la Ribera d'Ebre;Plaça Sant Roc, 2;Plaça Sant Roc;2;;;43740;Móra d'Ebre;+34 977 401851 ;acciosocial@riberaebre.org;Consell Comarcal de la Ribera d'Ebre;41,09136;0,6432;social_facility;woman;Generalitat de Catalunya;2018-05-03
113;Servei d'informació i atenció a les dones (SIAD) de l'Urgell;Carrer d'Agoders, 16;Carrer d'Agoders;16;;;25300;Tàrrega;+34 973 500707 ;siad@urgell.cat;Consell Comarcal de l'Urgell;41,64676;1,14045;social_facility;woman;Generalitat de Catalunya;2018-05-03
114;Servei d'informació i atenció a les dones (SIAD) de Reus;Plaça de la Patacada, 9;Plaça de la Patacada;9;;;43201;Reus;+34 977 010672 ;siad@reus.cat;Ajuntament de Reus;41,1545;1,10501;social_facility;woman;Generalitat de Catalunya;2018-05-03
115;Servei d'informació i atenció a les dones (SIAD) de Lliça d'Amunt;Carrer Rafael de Casanova, 8, 1r;Carrer Rafael de Casanova;8;;1;08186;Lliça d'Amunt;+34 938 607220 ;lemapd@llicamunt.cat;Ajuntament de Lliça d'Amunt;41,60746;2,24022;social_facility;woman;Generalitat de Catalunya;2018-05-03
116;Servei d'informació i atenció a les dones (SIAD) de Cerdanyola del Vallès;Carrer Belles Arts, 19;Carrer Belles Arts;19;;;08290;Cerdanyola del Vallès;+34 935 921647 ;dones@cerdanyola.cat;Ajuntament de Cerdanyola del Vallès;41,48765;2,13778;social_facility;woman;Generalitat de Catalunya;2018-05-03
117;Servei d'informació i atenció a les dones (SIAD) de Sant Sadurní d'Anoia;Plaça Germans Segura Viudas, s/n (Centre Vilarnau);Plaça Germans Segura Viudas;s/n;Centre Vilarnau;;08770;Sant Sadurní d'Anoia;+34 938 914309 ;centrevilarnau@santsadurni.cat;Ajuntament de Sant Sadurní d'Anoia;41,42744;1,79219;social_facility;woman;Generalitat de Catalunya;2018-05-03
118;Servei d'informació i atenció a les dones (SIAD) del Tarragonès;Carrer de les Coques, 3;Carrer de les Coques;3;;;43003;Tarragona;+34 977 244506 ;siad@tarragones.cat;Consell Comarcal del Tarragonès;41,11886;1,25868;social_facility;woman;Generalitat de Catalunya;2018-05-03
119;Servei d'informació i atenció a les dones (SIAD) de Badia del Vallès;Carrer La Manxa, s/n (Casal dels Infants);Carrer La Manxa;s/n;Casal dels Infants;;08214;Badia del Vallès;+34 937 294651 ;cirdbadia@gmail.com;Ajuntament de Badia del Vallès;41,5072;2,11527;social_facility;woman;Generalitat de Catalunya;2018-05-03
120;Servei d'informació i atenció a les dones (SIAD) de Cornellà de Llobregat;Carrer Mn. Jacint Verdaguer, 16-18;Carrer Mn. Jacint Verdaguer;16-18;;;08940;Cornellà de Llobregat;+34 934 742841 ;ladona@aj-cornella.cat;Ajuntament de Cornellà de Llobregat;41,35421;2,07088;social_facility;woman;Generalitat de Catalunya;2018-05-03
121;Servei d'informació i atenció a les dones SIAD vicDones - SIAD Osona;Carrer Llotja, 1, 2n (Edifici del Sucre);Carrer Llotja;1;Edifici del Sucre;2;08500;Vic;+34 937 027284 ;vicdones-siadosona@vic.cat;Ajuntament de Vic/Consell Comarcal d'Osona;41,92758;2,24683;social_facility;woman;Generalitat de Catalunya;2018-05-03
122;Servei d'informació i atenció a les dones (SIAD) de Sant Feliu de Guíxols;Plaça Salvador Espriu, s/n;Plaça Salvador Espriu;s/n;;;17220;Sant Feliu de Guíxols;+34 972 820101 ;igualtat@guixols.cat;Ajuntament de Sant Feliu de Guíxols;41,7921;3,02467;social_facility;woman;Generalitat de Catalunya;2018-05-03
123;Servei d'informació i atenció a les dones (SIAD) de Badalona;Carrer Baldomer Solà, 13-15;Carrer Baldomer Solà;13-15;;;08912;Badalona;+34 934 832968 ;siad@badalona.cat;Ajuntament de Badalona;41,44709;2,23967;social_facility;woman;Generalitat de Catalunya;2018-05-03
124;Servei d'informació i atenció a les dones (SIAD) de la Noguera;Passeig d'Àngel Guimerà, 28-30;Passeig d'Àngel Guimerà;28-30;;;25600;Balaguer;+34 973 448933 ;siad@ccnoguera.cat;Consell Comarcal de la Noguera;41,78568;0,80434;social_facility;woman;Generalitat de Catalunya;2018-05-03
125;Servei d'informació i atenció a les dones (SIAD) del Vallès Occidental;Carretera Nacional - 150, km. 15 (Edifici Consell Comarcal);Carretera Nacional - 150;;Edifici Consell Comarcal;;08227;Terrassa;+34 937 273534 ;ja@ccvoc.cat;Consell Comarcal del Vallès Occidental;41,55396;2,05352;social_facility;woman;Generalitat de Catalunya;2018-05-03
126;Servei d'informació i atenció a les dones (SIAD) de Rubí;Rambleta Joan Miró, s/n;Rambleta Joan Miró;s/n;;;08191;Rubí;+34 935 813900 ;dona@ajrubi.es;Ajuntament de Rubí;41,48573;2,03048;social_facility;woman;Generalitat de Catalunya;2018-05-03
127;Servei d'informació i atenció a les dones (SIAD) del Maresme;Plaça Miquel Biada, 1;Plaça Miquel Biada;1;;;08301;Mataró;+34 937 411622 ;siadmaresme@ccmaresme.cat;Consell Comarcal del Maresme;41,5333251;2,4448298;social_facility;woman;Generalitat de Catalunya;2018-05-03
128;Servei d'informació i atenció a les dones (SIAD) de Sant Joan Despí;Avinguda Barcelona, 41;Avinguda Barcelona;41;;;08970;Sant Joan Despí;+34 934 770051 ;donesdespi@sjdespi.net;Ajuntament de Sant Joan Despí;41,36841;2,06304;social_facility;woman;Generalitat de Catalunya;2018-05-03
129;Servei d'informació i atenció a les dones (SIAD) del Vendrell;Carrer Quarter, 4;Carrer Quarter;4;;;43700;El Vendrell;+34 977 181066 ;pcandalija@elvendrell.net;Ajuntament del Vendrell;41,21687;1,53399;social_facility;woman;Generalitat de Catalunya;2018-05-03
130;Oficina d'informació de l'Institut Català de les Dones a Lleida;Carrer de Lluís Companys, 1, entresòl;Carrer de Lluís Companys;1;;Entresòl;25003;Lleida;+34 973 703658 ;icd.lleida@gencat.cat;Generalitat de Catalunya;41,611962;0,619348;social_facility;woman;Generalitat de Catalunya;2018-05-03
131;Servei d'informació i atenció a les dones (SIAD) del Ripollès;Carrer Progrés, 22;Carrer Progrés;22;;;17500;Ripoll;+34 972 715839 ;dones@ripolles.cat;Consell Comarcal del Ripollès;42,19772;2,19435;social_facility;woman;Generalitat de Catalunya;2018-05-03
132;Servei d'informació i atenció a les dones (SIAD) del Berguedà;Carrer Voltes de Claris, 12;Carrer Voltes de Claris;12;;;08600;Berga;+34 938 213553 ;igualtat@ccbergueda.cat;Consell Comarcal del Berguedà;42,10439;1,84699;social_facility;woman;Generalitat de Catalunya;2018-05-03
133;Servei d'informació i atenció a les dones (SIAD) de Sort;Carrer del doctor Carles Pol i Aleu, 5;Carrer del doctor Carles Pol i Aleu;5;;;25560;Sort;+34 973 620999 ;casaxorret@sort.cat;Ajuntament de Sort;42,41256;1,13153;social_facility;woman;Generalitat de Catalunya;2018-05-03
134;Servei d'informació i atenció a les dones (SIAD) de Montornès del Vallès;Carrer Hermanas de la Virgen Niña, 2;Carrer Hermanas de la Virgen Niña;2;;;08170;Montornès del Vallès;+34 935 688127 ;igualtat@montornes.cat;Ajuntament de Montornès del vallès;41,55315;2,26548;social_facility;woman;Generalitat de Catalunya;2018-05-03
