":@computed_region_bh64_c7uy",":@computed_region_wvic_k925","adre_a","cerca","codi_postal","comarca","correu_electr_nic","geocoded_column","geocoded_column_address","geocoded_column_city","geocoded_column_state","geocoded_column_zip","latitud","longitud","nom_del_centre","poblaci","tel_fon","tipus_de_via","titularitat"
"512","29","Pere Coromines, 1","Maresme","08001","Barcelonès","icd@gencat.cat","POINT (2.1717 41.377354)",,,,,"41.377354","2.1717","Oficina d'informació de l'Institut Català de les Dones a Barcelona","Barcelona","934951600","Plaça","Generalitat de Catalunya"
"191","6","Poeta Marquina, 2 (Edifici de l'Antic Registre)","Alt Empordà","17600","Alt Empordà","siad@figueres.org","POINT (2.95641 42.26605)",,,,,"42.26605","2.95641","Servei d'informació i atenció a les dones (SIAD) de Figueres","Figueres","972513808","Carrer","Ajuntament de Figueres"
"539","31","Església, 117 baixos","Baix Llobregat","08860","Baix Llobregat","igualtat@castelldefels.org","POINT (1.98504 41.28762)",,,,,"41.28762","1.98504","Servei d'informació i atenció a les dones (SIAD) de Castelldefels","Castelldefels","936651150 ext. 504","Carrer","Ajuntament de Castelldefels"
"852","16","Pompeu Fabra, 2","Baix Empordà","17246","Baix Empordà","igualtat@santacristina.net","POINT (3.02541 41.79001)",,,,,"41.79001","3.02541","Servei d'informació i atenció a les dones (SIAD) de Santa Cristina d'Aro","Santa Cristina d'Aro","972837391","Passatge","Ajuntament de Santa Cristina d'Aro"
"830","31","Sant Francesc Xavier, 1","Baix Llobregat","08950","Baix Llobregat","apastor@esplugues.cat","POINT (2.08533 41.3746)",,,,,"41.3746","2.08533","Servei d'informació i atenció a les dones (SIAD) d'Esplugues de Llobregat","Esplugues de Llobregat","933713350","Carrer","Ajuntament d'Esplugues de Llobregat"
"940","32","Penedès, 3, 2n pis","Alt Penedès","08720","Alt Penedès","casaligualtat@vilafranca.org","POINT (1.69945 41.34404)",,,,,"41.34404","1.69945","Servei d'informació i atenció a les dones (SIAD) de Vilafranca del Penedès","Vilafranca del Penedès","938903218","Plaça","Ajuntament de Vilafranca del Penedès"
"797","22","de l'Església, 1, baixos","Vallès Oriental","08107","Vallès Oriental","serveissocials@martorelles.cat","POINT (2.40511 41.64018)",,,,,"41.64018","2.40511","Servei d'informació i atenció a les dones (SIAD) de Martorelles","Martorelles","935701252","Carrer","Ajuntament de Martorelles"
"764","26","de la vila, 1, baixos dreta","Vallès Occidental","08210","Vallès Occidental","carozm@bdv.cat","POINT (2.1562 41.55746)",,,,,"41.55746","2.1562","Servei d'informació i atenció a les dones (SIAD) de Barberà del Vallès","Barberà del Vallès","937297171","Plaça","Ajuntament de Barberà del Vallès"
"824","22","Aragó, 24","Vallès Oriental","08520","Vallès Oriental","marta.fuertes@lesfranqueses.cat","POINT (2.29483 41.618)",,,,,"41.618","2.29483","Servei d'informació i atenció a les dones (SIAD) de les Franqueses del Vallès","Les franqueses del Vallès","938465862","Carrer","Ajuntament de les Franqueses del Vallès"
"799","26","Major, s/n (Edifici Mirador)","Vallès Occidental","08211","Vallès Occidental","eminguell@castellarvalles.cat","POINT (2.08624 41.61636)",,,,,"41.61636","2.08624","Servei d'informació i atenció a les dones (SIAD) de Castellar del Vallès","Castellar del Vallès","937144040","Plaça","Ajuntament de Castellar del Vallès"
"541","34","de la Vinya d'en Petaca, s/n. Ajuntament de Les Roquetes","Garraf","08812","Garraf","siad@santperederibes.cat","POINT (1.74818 41.2266)",,,,,"41.2266","1.74818","Servei d'informació i atenció a les dones (SIAD) de Sant Pere de Ribes","Les Roquetes. Sant Pere de Ribes","938109268","Plaça","Ajuntament de Sant Pere de Ribes"
"699","31","Municipal, s/n (Edifici Cal Mané)","Baix Llobregat","08640","Baix Llobregat","aj147.cird@olesam.cat","POINT (1.89134 41.54517)",,,,,"41.54517","1.89134","Servei d'informació i atenció a les dones (SIAD) d'Olesa de Montserrat","Olesa de Montserrat","937780050","Parc","Ajuntament d'Olesa de Montserrat"
"414","35","de la Quartera, 1","Priorat","43730","Priorat","siad@priorat.cat","POINT (0.82035 41.14652)",,,,,"41.14652","0.82035","Servei d'informació i atenció a les dones (SIAD) del Priorat","Falset","977830119","Plaça","Consell Comarcal del Priorat"
"57","11","Pere Alsius, 10, 1r","Pla de l'Estany","17820","Pla de l'Estany","siad@cbsplaestany.cat","POINT (2.76381 42.11604)",,,,,"42.11604","2.76381","Servei d'informació i atenció a les dones (SIAD) del Pla de l'Estany","Banyoles","972580388","Carrer","Consorci de Benestar Social Pla de l'Estany - Banyoles"
"671","31","Claverol, 6-8, 1a planta (Edifici de la Foneria)","Baix Llobregat","08620","Baix Llobregat","igualtat@svh.cat","POINT (2.00797 41.38807)",,,,,"41.38807","2.00797","Servei d'informació i atenció a les dones (SIAD) de Sant Vicenç dels Horts","Sant Vicenç dels Horts","936029216","Carrer","Ajuntament de Sant Vicenç dels Horts"
"96","25","de la Llibertat (Espai El Casinet)","Maresme","08320","Maresme","igualtat@elmasnou.cat","POINT (2.3182 41.47913)",,,,,"41.47913","2.3182","Servei d'informació i atenció a les dones (SIAD) del Masnou","El Masnou","935571870","Plaça","Ajuntament d'El Masnou"
"305","9","de Soldevila, 18","Pallars Jussà","25620","Pallars Jussà","siad@pallarsjussa.cat","POINT (0.89478 42.16636)",,,,,"42.16636","0.89478","Servei d'informació i atenció a les dones (SIAD) del Pallars Jussà","Tremp","973650187","Carrer","Consell Comarcal del Pallars Jussà"
"940","32","Hermenegild Clascar, 1-3","Alt Penedès","08720","Alt Penedès","ssocials@ccapenedes.cat","POINT (1.69626 41.34598)",,,,,"41.34598","1.69626","Servei d'informació i atenció a les dones (SIAD) de l'Alt Penedès","Vilafranca del Penedès","938900000","Carrer","Consell Comarcal de l'Alt Penedès"
"73","8","Voltes de Claris, 12","Berguedà","08600","Berguedà","puntdona@ajberga.cat","POINT (1.84699 42.10439)",,,,,"42.10439","1.84699","Servei d'informació i atenció a les dones (SIAD) de Berga","Berga","938215331","Carrer","Ajuntament de Berga"
"571","26","Balmes, 2, planta baixa","Vallès Occidental","08291","Vallès Occidental","siad@ripollet.cat","POINT (2.15347 41.49649)",,,,,"41.49649","2.15347","Servei d'informació i atenció a les dones (SIAD) de Ripollet","Ripollet","935046040","Carrer","Ajuntament de Ripollet"
"460","33","Lluís Companys, 57, baixos","Baix Penedès","43820","Baix Penedès","siad@calafell.org","POINT (1.60666 41.19219)",,,,,"41.19219","1.60666","Servei d'informació i atenció a les dones (SIAD) de Calafell","Calafell","977699009","Carrer","Ajuntament de Calafell"
"28","16","Joan Carreras i Dagas, 1","Baix Empordà","17100","Baix Empordà","siad@baixemporda.cat","POINT (3.03848 41.95793)",,,,,"41.95793","3.03848","Servei d'informació i atenció a les dones (SIAD) del Baix Empordà","La Bisbal d'Empordà","972642310","Plaça","Consell Comarcal del Baix Empordà"
"543","23","de Prat de la Riba, 1","Pla d'Urgell","25230","Pla d'Urgell","areadona@plaurgell.cat","POINT (0.89424 41.63168)",,,,,"41.63168","0.89424","Servei d'informació i atenció a les dones (SIAD) del Pla d'Urgell","Mollerussa","973711313","Carrer","Consell Comarcal del Pla d'Urgell"
"512","29","Mallorca, 219, 3a","Barcelonès","08008","Barcelonès","piad_eixample@bcn.cat","POINT (2.15878 41.39129)",,,,,"41.39129","2.15878","Servei d'informació i atenció a les dones (SIAD) de Barcelona - Eixample","Barcelona","932562819","Carrer","Ajuntament de Barcelona"
"117","29","Can Colom, 1","Barcelonès","08902","Barcelonès","caid@l-h.cat","POINT (2.12043 41.36947)",,,,,"41.36947","2.12043","Servei d'informació i atenció a les dones (SIAD) de L'Hospitalet de Llobregat","L'Hospitalet de Llobregat","934036270","Plaça","Ajuntament de L'Hospitalet de Llobregat"
"500","30","del Carme, 24, baixos","Alt Camp","43800","Alt Camp","pad@valls.cat","POINT (1.24858 41.2828)",,,,,"41.2828","1.24858","Servei d'informació i atenció a les dones (SIAD) de Valls","Valls","977608225","Muralla","Ajuntament de Valls"
"326","1","Major, 36","Val d'Aran","25530","Val d'Aran","siah@aransalut.com","POINT (0.79379 42.70004)",,,,,"42.70004","0.79379","Servei d'informació i atenció a les dones (SIAD) de l'Aran","Vielha e Mijaran","973642560","Carrer","Consell General d'Aran"
"522","25","Santa Eulàlia, 40","Maresme","08340","Maresme","diad@vilassardemar.cat","POINT (2.38684 41.50422)",,,,,"41.50422","2.38684","Servei d'informació i atenció a les dones (SIAD) de Vilassar de Mar","Vilassar de Mar","937540500","Carrer","Ajuntament de Vilassar de Mar"
"503","31","de l'Agricultura, 4","Baix Llobregat","08820","Baix Llobregat","siad@elprat.cat","POINT (2.0932 41.32478)",,,,,"41.32478","2.0932","Servei d'informació i atenció a les dones (SIAD) del Prat de Llobregat","El Prat de Llobregat","933790050","Plaça","Ajuntament d'El Prat de Llobregat"
"512","29","Brusi, 51-61","Barcelonès","08006","Barcelonès","piad_sarriasantgervasi@bcn.cat","POINT (2.14451 41.40188)",,,,,"41.40188","2.14451","Servei d'informació i atenció a les dones (SIAD) de Barcelona - Sarrià-Sant Gervasi","Barcelona","932002602","Carrer","Ajuntament de Barcelona"
"512","29","Vila de Gràcia, 2","Barcelonès","08012","Barcelonès","piad_gracia@bcn.cat","POINT (2.15791 41.39993)",,,,,"41.39993","2.15791","Servei d'informació i atenció a les dones (SIAD) de Barcelona - Gràcia","Barcelona","932914330","Plaça","Ajuntament de Barcelona"
"300","3","d'Aigüestortes, 12, baixos","Alta Ribagorça","25520","Alta Ribagorça","dones@ccar.ddl.net","POINT (0.74075 42.4123)",,,,,"42.4123","0.74075","Servei d'informació i atenció a les dones (SIAD) de l'Alta Ribagorça","El Pont de Suert","973690260","Carrer","Consell Comarcal de l'Alta Ribagorça"
,,"Catalunya, s/n","Tarragonès","43110","Tarragonès","ssocials@lacanonja.cat","POINT (0 0)",,,,,"0","0","Servei d'informació i atenció a les dones (SIAD) la Canonja","La Canonja","977546100","Plaça","Ajuntament de La Canonja"
"294","10","Palau, 8","Garrotxa","17800","Garrotxa","csans@casg.cat","POINT (2.49397 42.18312)",,,,,"42.18312","2.49397","Servei d'informació i atenció a les dones (SIAD) d'Olot-Garrotxa","Olot","972266644","Plaça","Consorci Acció Social de la Garrotxa"
"807","27","de Francesc Macià, 54","Garrigues","25400","Garrigues","siad@garrigues.cat","POINT (0.8765 41.51327)",,,,,"41.51327","0.8765","Servei d'informació i atenció a les dones (SIAD) de les Garrigues","Les Borges Blanques","973142658","Avinguda","Consell Comarcal de les Garrigues"
"348","4","Bassa d'en Gaire, 1","Terra Alta","43780","Terra Alta","siad@terra-alta.org","POINT (1.92884 42.43243)",,,,,"42.43243","1.92884","Servei d'informació i atenció a les dones (SIAD) de la Terra Alta","Gandesa","977420018","Carrer","Consell Comarcal de la Terra Alta"
"519","37","Muralla, 16, baixos","Tarragonès","43830","Tarragonès","siad@torredembarra.cat","POINT (1.3963 41.1444)",,,,,"41.1444","1.3963","Servei d'informació i atenció a les dones (SIAD) de Torredembarra","Torredembarra","977640025","Carrer","Ajuntament de Torredembarra"
"387","5","de Soldevila, 1, 1a (Centre Cívic del Passeig)","Alt Urgell","25700","Alt Urgell","igualtat@capau.cat","POINT (1.46148 42.35821)",,,,,"42.35821","1.46148","Servei d'informació i atenció a les dones (SIAD) de l'Alt Urgell","La Seu d'Urgell","973354102","Plaça","Consell Comarcal de l'Alt Urgell"
"730","20","Major, 2","Selva","17401","Selva","siod@ajarbucies.cat","POINT (2.51385 41.8161)",,,,,"41.8161","2.51385","Servei d'Informació i Orientació a les Dones (SIOD) d’Arbúcies","Arbúcies","972860001","Carrer","Ajuntament d'Arbúcies"
"363","6","de l'Àngel, 4","Alt Empordà","17480","Alt Empordà","benestar@roses.cat","POINT (3.17819 42.26318)",,,,,"42.26318","3.17819","Servei d'informació i atenció a les dones (SIAD) de Roses","Roses","972252400","Plaça","Ajuntament de Roses"
"211","40","de Montcada, 23 (Palau Abària)","Montsià","43500","Baix Ebre","icd.terresebre@gencat.cat","POINT (0.523474 40.813047)",,,,,"40.813047","0.523474","Oficina d'informació de l'Institut Català de les Dones a les Terres de l'Ebre","Tortosa","977441234","Carrer","Generalitat de Catalunya"
"31","13","Enric Delaris, 7","Osona","08560","Osona","siad@manlleu.cat","POINT (2.28332 42.00014)",,,,,"42.00014","2.28332","Servei d'informació i atenció a les dones (SIAD) de Manlleu","Manlleu","938510848","Carrer","Ajuntament de Manlleu"
"847","31","del Mestre, 5, B","Baix Llobregat","08758","Baix Llobregat","cird.donescervello@hotmail.es","POINT (1.95902 41.39736)",,,,,"41.39736","1.95902","Servei d'informació i atenció a les dones (SIAD) de Cervelló","Cervelló","936841981","Plaça","Ajuntament de Cervelló"
"512","29","Dolors Masferrer, 33-35","Barcelonès","08028","Barcelonès","piad_lescorts@bcn.cat","POINT (2.12842 41.38483)",,,,,"41.38483","2.12842","Servei d'informació i atenció a les dones (SIAD) de Barcelona - les Corts","Barcelona","932916491","Carrer","Ajuntament de Barcelona"
"191","6","Nou, 48","Alt Empordà","17600","Alt Empordà","siad@altemporda.org","POINT (2.96358 42.26484)",,,,,"42.26484","2.96358","Servei d'informació i atenció a les dones (SIAD) de l'Alt Empordà","Figueres","972677050","Carrer","Consell Comarcal de l'Alt Empordà"
"900","19","de Jaume Balmes, 3","Segarra","25200","Segarra","siad@ccsegarra.cat","POINT (1.27507 41.67107)",,,,,"41.67107","1.27507","Servei d'informació i atenció a les dones (SIAD) de la Segarra","Cervera","973531300","Passeig","Consell Comarcal de la Segarra"
"500","30","Mossèn Martí, 3","Alt Camp","43800","Alt Camp","benestarsocial@altcamp.cat","POINT (1.24979 41.2886)",,,,,"41.2886","1.24979","Servei d'informació i atenció a les dones (SIAD) de l'Alt Camp","Valls","977604258","Carrer","Consell Comarcal de l'Alt Camp"
"936","26","Major, 32 MIR (Casa de la Vila)","Vallès Occidental","08110","Vallès Occidental","oficinadona@montcada.org","POINT (2.18792 41.48558)",,,,,"41.48558","2.18792","Servei d'informació i atenció a les dones (SIAD) de Montcada i Reixac","Montcada i Reixac","935651122","Carrer","Ajuntament de Montcada i Reixac"
"560","22","Portalet, 4, 4a planta","Vallès Oriental","08401","Vallès Oriental","plaigualtat@ajuntament.granollers.cat","POINT (2.28746 41.60757)",,,,,"41.60757","2.28746","Servei d'informació i atenció a les dones (SIAD) de Granollers","Granollers","938426714","Carrer","Ajuntament de Granollers"
"841","29","Escoles, 10, baixos","Barcelonès","08930","Barcelonès","ciod@sant-adria.net","POINT (2.22098 41.42998)",,,,,"41.42998","2.22098","Servei d'informació i atenció a les dones (SIAD) de Sant Adrià del Besòs","Sant Adrià de Besòs","934621121","Carrer","Ajuntament de Sant Adrià del Besòs"
"511","31","del Mil·lenari, 18","Baix Llobregat","08840","Baix Llobregat","siad@viladecans.cat","POINT (2.00768 41.30996)",,,,,"41.30996","2.00768","Servei d'informació i atenció a les dones (SIAD) de Viladecans","Viladecans","936373322","Avinguda","Ajuntament de Viladecans"
"862","26","del Vallès 97-99 baixos (Edifici Can Tuset)","Vallès Occidental","08192","Vallès Occidental","sumemxlaigualtat@santquirzevalles.cat","POINT (2.03938 41.54305)",,,,,"41.54305","2.03938","Servei d'informació i atenció a les dones (SIAD) de Sant Quirze del Vallès","Sant Quirze del Vallès","937216800","Avinguda","Ajuntament de Sant Quirze del Vallès"
"305","9","de la Creu, 1","Pallars Jussà","25620","Pallars Jussà","benestar@ajuntamentdetremp.cat","POINT (0.89579 42.16671)",,,,,"42.16671","0.89579","Servei d'informació i atenció a les dones (SIAD) de Tremp","Tremp","973650005","Plaça","Ajuntament de Tremp"
"512","29","Foradada, 36","Barcelonès","08033","Barcelonès","piad_santandreu@bcn.cat","POINT (2.19119 41.45162)",,,,,"41.45162","2.19119","Servei d'informació i atenció a les dones (SIAD) de Barcelona - Sant Andreu","Barcelona","933457016","Carrer","Ajuntament de Barcelona"
"211","40","Barcelona, 152","Baix Ebre","43500","Baix Ebre","siad@baixebre.cat","POINT (0.52375 40.7949)",,,,,"40.7949","0.52375","Servei d'informació i atenció a les dones (SIAD) del Baix Ebre","Tortosa","977445308","Carrer","Consell Comarcal del Baix Ebre"
"608","31","dels Arbres, 21, despatx 1r pis","Baix Llobregat","08292","Baix Llobregat","dona@esparreguera.cat","POINT (1.86826 41.5395)",,,,,"41.5395","1.86826","Servei d'informació i atenció a les dones (SIAD) d'Esparreguera","Esparreguera","677 500 229","Carrer","Ajuntament d'Esparreguera"
"457","34","Joan Maragall, 36 (Edifici Escorxador)","Garraf","08870","Garraf","igualtat@sitges","POINT (1.81566 41.2373)",,,,,"41.2373","1.81566","Servei d'informació i atenció a les dones (SIAD) de Sitges","Sitges","938113180","Carrer","Ajuntament de Sitges"
"783","28","Sant Josep, 18","Conca de Barberà","43400","Conca de Barberà","siad@concadebarbera.cat","POINT (1.16283 41.37703)",,,,,"41.37703","1.16283","Servei d'informació i atenció a les dones (SIAD) de la Conca de Barberà","Montblanc","977861232","Carrer","Consell Comarcal de la Conca de Barberà"
"133","14","del mus, 1-A","Gironès","17003","Gironès","siad@girones.cat","POINT (2.8149 41.96307)",,,,,"41.96307","2.8149","Servei d'informació i atenció a les dones (SIAD) del Gironès","Girona","972201962","Riera","Consell Comarcal del Gironès"
"595","24","de Sant Miquel, 5","Anoia","08700","Anoia","igualtat@anoia.cat","POINT (1.61784 41.57801)",,,,,"41.57801","1.61784","Servei d'informació i atenció a les dones (SIAD) de l'Anoia","Igualada","938051585","Plaça","Consell Comarcal de l'Anoia"
"211","40","dels Dolors, 1","Baix Ebre","43500","Baix Ebre","siad.coordinacio@tortosa.cat","POINT (0.52362 40.81321)",,,,,"40.81321","0.52362","Servei d'informació i atenció a les dones (SIAD) de Tortosa","Tortosa","977445897","Plaça","Ajuntament de Tortosa"
"723","31","Verdaguer, 95, bis (Ca n'Ametller)","Baix Llobregat","08750","Baix Llobregat","eplu@molinsderei.cat","POINT (2.01577 41.41518)",,,,,"41.41518","2.01577","Servei d'informació i atenció a les dones (SIAD) de Molins de Rei","Molins de Rei","936803731","Carrer","Ajuntament de Molins de Rei"
"634","20","del Prat, 1, 1r","Selva","17430","Selva","siad@selva.cat","POINT (2.66243 41.8645)",,,,,"41.8645","2.66243","Servei d'informació i atenció a les dones (SIAD) de la Selva","Santa Coloma de Farners","872973003","Carrer","Consell Comarcal de la Selva"
"797","22","Mas Bagà, 24","Vallès Oriental","08450","Vallès Oriental","puntdona@llinarsdelvalles.cat","POINT (2.40511 41.64018)",,,,,"41.64018","2.40511","Servei d'informació i atenció a les dones (SIAD) de Llinars del Vallès","Llinars del Vallès","938413842","Carrer","Ajuntament de Llinars del Vallès"
,,"Sant Domènec, 24","Bages","08241","Bages","dona@ccbages.cat","POINT (1.82187 182187)",,,,,"182187","1.82187","Servei d'informació i atenció a les dones (SIAD) del Bages","Manresa","936930363","Muralla","Consell Comarcal del Bages"
,,"Pere Torrent, s/n","Selva","17310","Selva","dones@lloret.cat","POINT (42.43243 192883)",,,,,"192883","42.43243","Servei d'informació i atenció a les dones (SIAD) de Lloret de Mar","Lloret de Mar","972347172","Plaça","Ajuntament de Lloret de Mar"
"421","39","Doctor Ferran, 8","Baix Camp","43202","Baix Camp","siad@baixcamp.cat","POINT (1.10132 41.15444)",,,,,"41.15444","1.10132","Servei d'informació i atenció a les dones (SIAD) del Baix Camp","Reus","977327155","Carrer","Consell Comarcal del Baix Camp"
"133","14","de Pompeu Fabra, 1","Alt Empordà","17002","Gironès","icd.girona@gencat.cat","POINT (2.822654 41.981169)",,,,,"41.981169","2.822654","Oficina d'informació de l'Institut Català de les Dones a Girona","Girona","872975874","Plaça","Generalitat de Catalunya"
"937","26","de Gràcia, 59 (Casa Mònaco)","Vallès Occidental","08172","Vallès Occidental","donainformacio@santcugat.cat","POINT (2.086 41.46468)",,,,,"41.46468","2.086","Servei d'informació i atenció a les dones (SIAD) de Sant Cugat del Vallès","Sant Cugat del Vallès","935657000","Avinguda","Ajuntament de Sant Cugat del Vallès"
"682","26","Can Folguera, s/n","Vallès Occidental","08130","Vallès Occidental","rodriguezra@staperpetua.cat","POINT (2.18532 41.53231)",,,,,"41.53231","2.18532","Servei d'informació i atenció a les dones (SIAD) de Santa Perpètua de la Mogoda","Santa Perpètua de Mogoda","935604205","Plaça","Ajuntament de Santa Perpètua de la Mogoda"
"560","22","Miquel Ricomà, 46","Vallès Oriental","08401","Vallès Oriental","ramonedasa@vallesoriental.cat","POINT (2.2862 41.60603)",,,,,"41.60603","2.2862","Servei d'informació i atenció a les dones (SIAD) del Vallès Oriental","Granollers","938600706","Carrer","Consell Comarcal del Vallès Oriental"
"512","29","Major de Nou Barris, 1","Barcelonès","08042","Barcelonès","piad_noubarris@bcn.cat","POINT (2.1712 41.43692)",,,,,"41.43692","2.1712","Servei d'informació i atenció a les dones (SIAD) de Barcelona - Nou Barris","Barcelona","932916867","Plaça","Ajuntament de Barcelona"
"496","31","Ebre, 27 (Can Jordana)","Baix Llobregat","08830","Baix Llobregat","crdones@santboi.cat","POINT (2.0383 41.348)",,,,,"41.348","2.0383","Servei d'informació i atenció a les dones (SIAD) de Sant Boi de Llobregat","Sant Boi de Llobregat","936351200","Carrer","Ajuntament de Sant Boi de Llobregat"
"844","31","Nacional - 340","Baix Llobregat","08980","Baix Llobregat","conselldones@elbaixllobregat.cat","POINT (2.04027 41.38607)",,,,,"41.38607","2.04027","Servei d'informació i atenció a les dones (SIAD) del Baix Llobregat","Sant Feliu de Llobregat","936852400","Carretera","Consell Comarcal del Baix Llobregat"
"591","22","Josep Alfaràs, 6","Vallès Oriental","08470","Vallès Oriental","igualtat@santceloni.cat","POINT (2.49493 41.69144)",,,,,"41.69144","2.49493","Servei d'informació i atenció a les dones (SIAD) de Sant Celoni","Sant Celoni","938641210","Carrer","Ajuntament de Sant Celoni"
"512","29","Nou de la Rambla, 45, 4t","Barcelonès","08001","Barcelonès","piad_ciutatvella@bcn.cat","POINT (2.17268 41.37749)",,,,,"41.37749","2.17268","Servei d'informació i atenció a les dones (SIAD) de Barcelona - Ciutat Vella","Barcelona","932563221","Carrer","Ajuntament de Barcelona"
"588","16","Pals, 77","Baix Empordà","17200","Baix Empordà","espaidona@palafrugell.net","POINT (3.16241 41.92097)",,,,,"41.92097","3.16241","Servei d'informació i atenció a les dones (SIAD) de Palafrugell","Palafrugell","972611879","Carrer","Ajuntament de Palafrugell"
"804","26","de l'Ajuntament, 2","Vallès Occidental","08230","Vallès Occidental","benestarsocial@matadepera.cat","POINT (2.026 41.59715)",,,,,"41.59715","2.026","Servei d'informació i atenció a les dones (SIAD) de Matadepera","Matadepera","937301771","Plaça","Ajuntament de Matadepera"
"916","29","Montserrat Roig, 1","Barcelonès","08921","Barcelonès","bellvehiog@gramenet.cat","POINT (2.2055 41.45377)",,,,,"41.45377","2.2055","Servei d'informació i atenció a les dones (SIAD) de Santa Coloma de Gramenet","Santa Coloma de Gramenet","934661411","Plaça","Ajuntament de Santa Coloma de Gramenet"
"555","31","Francesc Santacana, 13 (Casa de Cultura de la Vila)","Baix Llobregat","08760","Baix Llobregat","serveissocials@martorell.cat","POINT (1.92841 41.47431)",,,,,"41.47431","1.92841","Servei d'informació i atenció a les dones (SIAD) de Martorell","Martorell","937735193","Carrer","Ajuntament de Martorell"
"412","34","de la Vila, 8","Garraf","08800","Garraf","equitat@vilanova.cat","POINT (1.72594 41.22408)",,,,,"41.22408","1.72594","Servei d'informació i atenció a les dones (SIAD) de Vilanova i la Geltrú","Vilanova i la Geltrú","938169002","Plaça","Ajuntament de Vilanova i la Geltrú"
"883","25","Barcelona, 33-35, entresòl","Maresme","08397","Maresme","cvalbonesi@pinedademar.org","POINT (2.68823 41.624)",,,,,"41.624","2.68823","Servei d'informació i atenció a les dones (SIAD) de Pineda de Mar","Pineda de Mar","937671843","Carrer","Ajuntament de Pineda de Mar"
"132","12","dels Dominics, 14","Solsonès","25280","Solsonès","atenciodona@solsones.ddl.net","POINT (1.51909 41.99582)",,,,,"41.99582","1.51909","Servei d'informació i atenció a les dones (SIAD) del Solsonès","Solsona","973483234","Carrer","Consell Comarcal del Solsonès"
"230","37","de la Font , 1","Tarragonès","43003","Tarragonès","siad@tarragona.cat","POINT (1.25578 41.11436)",,,,,"41.11436","1.25578","Servei d'informació i atenció a les dones (SIAD) de Tarragona","Tarragona","977296279","Plaça","Ajuntament de Tarragona"
"875","21","del Canyeret, s/n","Segrià","25007","Segrià","siad@segria.cat","POINT (0.62704 41.61637)",,,,,"41.61637","0.62704","Servei d'informació i atenció a les dones (SIAD) del Segrià","Lleida","973054800","Carrer","Consell Comarcal del Segrià"
"595","24","de la Pietat, 42-44 (Centre Cívic Fàtima)","Anoia","08700","Anoia","ead.siad@dae.cat","POINT (1.60502 41.58597)",,,,,"41.58597","1.60502","Servei d'informació i atenció a les dones (SIAD) d'Igualada","Igualada","938031950","Avinguda","Ajuntament d'Igualada"
"710","31","Sant Antoni, s/n (Àrea d'Igualtat de l'Ajuntament )","Baix Llobregat","08757","Baix Llobregat","conselldones@elbaixllobregat.cat","POINT (1.93004 41.41465)",,,,,"41.41465","1.93004","Servei d'informació i atenció a les dones (SIAD) de Corbera de Llobregat","Corbera de Llobregat","935175878","Plaça","Ajuntament de Corbera de Llobregat"
"928","22","Jaume I, 9 (Centre Cultural i Juvenil Can Pelegrí)","Vallès Oriental","08120","Vallès Oriental","igualtat@llagosta.cat","POINT (2.1914 41.5126)",,,,,"41.5126","2.1914","Servei d'informació i atenció a les dones (SIAD) de la Llagosta","La Llagosta","935451540","Carrer","Ajuntament de la Llagosta"
"227","41","Jaume I, 2-4","Montsià","43870","Montsià","siad@montsia.cat","POINT (0.58284 40.71257)",,,,,"40.71257","0.58284","Servei d'informació i atenció a les dones (SIAD) del Montsià","Amposta","977707496","Carrer","Consell Comarcal del Montsià"
"158","39","de l'Ajuntament, 4","Baix Camp","43850","Baix Camp","siad@cambrils.org","POINT (1.05809 41.07132)",,,,,"41.07132","1.05809","Servei d'informació i atenció a les dones (SIAD) de Cambrils","Cambrils","977794579 ext. 4311/2226","Plaça","Ajuntament de Cambrils"
"348","4","d'Alfons I, 50-52, baixos","Cerdanya","17520","Cerdanya","siad@cerdanya.org","POINT (1.9293 42.43382)",,,,,"42.43382","1.9293","Servei d'informació i atenció a les dones (SIAD) de la Cerdanya","Puigcerdà","972141313","Carrer","Consell Comarcal de la Cerdanya"
"512","29","Corts Catalanes, 837","Barcelonès","08018","Barcelonès","piad_santmarti@bcn.cat","POINT (2.18821 41.40523)",,,,,"41.40523","2.18821","Servei d'informació i atenció a les dones (SIAD) de Barcelona - Sant Martí","Barcelona","933077260","Gran Via","Ajuntament de Barcelona"
"456","33","Pep Jai, 2, baixos","Baix Penedès","43700","Baix Penedès","ssespecialitzats@baixpenedes.cat","POINT (1.53482 41.22292)",,,,,"41.22292","1.53482","Servei d'informació i atenció a les dones (SIAD) del Baix Penedès","El Vendrell","977157177","Plaça","Consell Comarcal del Baix Penedès"
"412","34","de Beatriu de Claramunt, 5-8","Garraf","08800","Garraf","siad@ccgarraf.cat","POINT (1.71411 41.22305)",,,,,"41.22305","1.71411","Servei d'informació i atenció a les dones (SIAD) del Garraf","Vilanova i la Geltrú","938100410","Plaça","Consell Comarcal del Garraf"
"230","37","de Sant Francesc, 3","Tarragonès","43003","Tarragonès","icd.tarragona@gencat.cat","POINT (1.253299 41.116657)",,,,,"41.116657","1.253299","Oficina d'informació de l'Institut Català de les Dones a Tarragona","Tarragona","977241304","Carrer","Generalitat de Catalunya"
"875","21","dels Fanalets de Sant Jaume, s/n","Segrià","25002","Segrià","politiquesigualtat@paeria.cat","POINT (0.62376 41.61399)",,,,,"41.61399","0.62376","Servei d'informació i atenció a les dones (SIAD) de Lleida","Lleida","973700461","Plaça","Ajuntament de Lleida"
"862","26","Nou de Sant Pere, 36","Vallès Occidental","08221","Vallès Occidental","polgenere@terrassa.cat","POINT (2.01374 41.56537)",,,,,"41.56537","2.01374","Servei d'informació i atenció a les dones (SIAD) de Terrassa","Terrassa","937397408","Carrer","Ajuntament de Terrassa"
"160","37","de l'Ebre, 11","Tarragonès","43840","Tarragonès","siadones@salou.cat","POINT (1.13316 41.08105)",,,,,"41.08105","1.13316","Servei d'informació i atenció a les dones (SIAD) de Salou","Salou","977309206","Carrer","Ajuntament de Salou"
"133","14","Joan Reglà, 16, baixos","Gironès","17003","Gironès","siad@ajgirona.org","POINT (2.8229 41.97125)",,,,,"41.97125","2.8229","Servei d'informació i atenció a les dones (SIAD) de Girona","Girona","972222478","Carrer","Ajuntament de Girona"
"701","25","Tres Roques, 21","Maresme","08304","Maresme","dona@ajmataro.cat","POINT (2.42807 41.54332)",,,,,"41.54332","2.42807","Servei d'informació i atenció a les dones (SIAD) de Mataró","Mataró","937022812","Carrer","Ajuntament de Mataró"
"512","29","Arenys, 75","Barcelonès","08035","Barcelonès","piad_horta@bcn.cat","POINT (2.14464 41.42253)",,,,,"41.42253","2.14464","Servei d'informació i atenció a les dones (SIAD) de Barcelona - Horta-Guinardó","Barcelona","934200008","Carrer","Ajuntament de Barcelona"
"669","31","Lluís Companys, 1","Baix Llobregat","08980","Baix Llobregat","castellotecr@santfeliu.cat","POINT (2.05612 41.37066)",,,,,"41.37066","2.05612","Servei d'informació i atenció a les dones (SIAD) de Sant Feliu de Llobregat","Sant Feliu de Llobregat","936858002","Plaça","Ajuntament de Sant Feliu de Llobregat"
"334","2","del Mig, 9","Pallars Sobirà","25560","Pallars Sobirà","siad@pallarssobira.cat","POINT (1.13031 42.41179)",,,,,"42.41179","1.13031","Servei d'informació i atenció a les dones (SIAD) del Pallars Sobirà","Sort","973620107","Carrer","Consell Comarcal del Pallars Sobirà"
"528","25","Joan XXIII, 2-8 (antiga Fàbrica del Gas)","Maresme","08330","Maresme","servaispe@premiademar.cat","POINT (2.35276 41.48842)",,,,,"41.48842","2.35276","Servei d'informació i atenció a les dones (SIAD) de Premià de Mar","Premià de Mar","937417404","Carrer","Ajuntament de Premià de Mar"
"512","29","de Sants, 79 - 81","Barcelonès","08014","Barcelonès","piad_santsmontjuic@bcn.cat","POINT (2.13689 41.37527)",,,,,"41.37527","2.13689","Servei d'informació i atenció a les dones (SIAD) de Barcelona - Sants-Montjuïc","Barcelona","932918731","Carrer","Ajuntament de Barcelona"
"663","31","de l'Ajuntament, 1, 2a planta","Baix Llobregat","08740","Baix Llobregat","siad@sabarca.cat","POINT (1.9712 41.45004)",,,,,"41.45004","1.9712","Servei d'informació i atenció a les dones (SIAD) de Sant Andreu de la Barca","Sant Andreu de la Barca","936356402","Plaça","Ajuntament de Sant Andreu de la Barca"
"760","20","d'Argentina, 5","Selva","17300","Selva","adones@blanes.cat","POINT (2.78433 41.66767)",,,,,"41.66767","2.78433","Servei d'informació i atenció a les dones (SIAD) de Blanes","Blanes","972336207","Plaça","Ajuntament de Blanes"
"660","26","Vidal, 146","Vallès Occidental","08208","Vallès Occidental","genere@ajsabadell.cat","POINT (2.11259 41.55398)",,,,,"41.55398","2.11259","Servei d'informació i atenció a les dones (SIAD) de Sabadell","Sabadell","937246167","Carrer","Ajuntament de Sabadell"
"559","31","Generalitat, 7","Baix Llobregat","08850","Baix Llobregat","siad@gava.cat","POINT (2.00458 41.30328)",,,,,"41.30328","2.00458","Servei d'informació i atenció a les dones (SIAD) de Gavà","Gavà","932639222","Carrer","Ajuntament de Gavà"
"877","18","de la Canal, 6, 1r","Bages","08241","Bages","siad@ajmanresa.cat","POINT (1.82557 41.72423)",,,,,"41.72423","1.82557","Servei d'informació i atenció a les dones (SIAD) de Manresa","Manresa","938752310","Carrer","Ajuntament de Manresa"
"703","22","Àngel Guimerà, 15","Vallès Oriental","08100","Vallès Oriental","SIAD@molletvalles.cat","POINT (2.21542 41.53504)",,,,,"41.53504","2.21542","Servei d'informació i atenció a les dones (SIAD) de Mollet del Vallès","Mollet del Vallès","935707747","Carrer","Ajuntament de Mollet del Vallès"
"198","36","Sant Roc, 2","Ribera d'Ebre","43740","Ribera d'Ebre","acciosocial@riberaebre.org","POINT (0.6432 41.09136)",,,,,"41.09136","0.6432","Servei d'informació i atenció a les dones (SIAD) de la Ribera d'Ebre","Móra d'Ebre","977401851","Plaça","Consell Comarcal de la Ribera d'Ebre"
"880","17","d'Agoders, 16","Urgell","25300","Urgell","siad@urgell.cat","POINT (1.14045 41.64676)",,,,,"41.64676","1.14045","Servei d'informació i atenció a les dones (SIAD) de l'Urgell","Tàrrega","973500707","Carrer","Consell Comarcal de l'Urgell"
"421","39","de la Patacada, 9","Baix Camp","43201","Baix Camp","siad@reus.cat","POINT (1.10501 41.1545)",,,,,"41.1545","1.10501","Servei d'informació i atenció a les dones (SIAD) de Reus","Reus","977010672","Plaça","Ajuntament de Reus"
"934","22","Rafael de Casanova, 8, 1r","Vallès Oriental","08186","Vallès Oriental","lemapd@llicamunt.cat","POINT (2.24022 41.60746)",,,,,"41.60746","2.24022","Servei d'informació i atenció a les dones (SIAD) de Lliça d'Amunt","Lliça d'Amunt","938607220","Carrer","Ajuntament de Lliça d'Amunt"
"570","26","Belles Arts, 19","Vallès Occidental","08290","Vallès Occidental","dones@cerdanyola.cat","POINT (2.13778 41.48765)",,,,,"41.48765","2.13778","Servei d'informació i atenció a les dones (SIAD) de Cerdanyola del Vallès","Cerdanyola del Vallès","935921647","Carrer","Ajuntament de Cerdanyola del Vallès"
"918","32","Germans Segura Viudas, s/n (Centre Vilarnau)","Alt Penedès","08770","Alt Penedès","centrevilarnau@santsadurni.cat","POINT (1.79219 41.42744)",,,,,"41.42744","1.79219","Servei d'informació i atenció a les dones (SIAD) de Sant Sadurní d'Anoia","Sant Sadurní d'Anoia","938914309","Plaça","Ajuntament de Sant Sadurní d'Anoia"
"230","37","de les Coques, 3","Tarragonès","43003","Tarragonès","siad@tarragones.cat","POINT (1.25868 41.11886)",,,,,"41.11886","1.25868","Servei d'informació i atenció a les dones (SIAD) del Tarragonès","Tarragona","977244506","Carrer","Consell Comarcal del Tarragonès"
"563","26","La Manxa, s/n (Casal dels Infants)","Vallès Occidental","08214","Vallès Occidental","cirdbadia@gmail.com","POINT (2.11527 41.5072)",,,,,"41.5072","2.11527","Servei d'informació i atenció a les dones (SIAD) de Badia del Vallès","Badia del Vallès","937294651","Carrer","Ajuntament de Badia del Vallès"
"488","31","Mn. Jacint Verdaguer, 16-18","Baix Llobregat","08940","Baix Llobregat","ladona@aj-cornella.cat","POINT (2.07088 41.35421)",,,,,"41.35421","2.07088","Servei d'informació i atenció a les dones (SIAD) de Cornellà de Llobregat","Cornellà de Llobregat","934742841","Carrer","Ajuntament de Cornellà de Llobregat"
"912","13","Llotja, 1, 2n (Edifici del Sucre)","Osona","08500","Osona","vicdones-siadosona@vic.cat","POINT (2.24683 41.92758)",,,,,"41.92758","2.24683","Servei d'informació i atenció a les dones SIAD vicDones - SIAD Osona","Vic","937027284","Carrer","Ajuntament de Vic/Consell Comarcal d'Osona"
"852","16","Salvador Espriu, s/n","Baix Empordà","17220","Baix Empordà","igualtat@guixols.cat","POINT (3.02467 41.7921)",,,,,"41.7921","3.02467","Servei d'informació i atenció a les dones (SIAD) de Sant Feliu de Guíxols","Sant Feliu de Guíxols","972820101","Plaça","Ajuntament de Sant Feliu de Guíxols"
"531","29","Baldomer Solà, 13-15","Barcelonès","08912","Barcelonès","siad@badalona.cat","POINT (2.23967 41.44709)",,,,,"41.44709","2.23967","Servei d'informació i atenció a les dones (SIAD) de Badalona","Badalona","934832968","Carrer","Ajuntament de Badalona"
"685","15","d'Àngel Guimerà, 28-30","Noguera","25600","Noguera","siad@ccnoguera.cat","POINT (0.80434 41.78568)",,,,,"41.78568","0.80434","Servei d'informació i atenció a les dones (SIAD) de la Noguera","Balaguer","973448933","Passeig","Consell Comarcal de la Noguera"
"862","26","Nacional - 150, km. 15 (Edifici Consell Comarcal)","Vallès Occidental","08227","Vallès Occidental","ja@ccvoc.cat","POINT (2.05352 41.55396)",,,,,"41.55396","2.05352","Servei d'informació i atenció a les dones (SIAD) del Vallès Occidental","Terrassa","937273534","Carretera","Consell Comarcal del Vallès Occidental"
"908","26","Joan Miró, s/n","Vallès Occidental","08191","Vallès Occidental","dona@ajrubi.es","POINT (2.03048 41.48573)",,,,,"41.48573","2.03048","Servei d'informació i atenció a les dones (SIAD) de Rubí","Rubí","935813900","Rambleta","Ajuntament de Rubí"
"701","25","Miquel Biada, 1","Maresme","08301","Maresme","siadmaresme@ccmaresme.cat","POINT (2.43819 41.53797)",,,,,"41.53797","2.43819","Servei d'informació i atenció a les dones (SIAD) del Maresme","Mataró","937411622","Plaça","Consell Comarcal del Maresme"
"669","31","Barcelona, 41","Baix Llobregat","08970","Baix Llobregat","donesdespi@sjdespi.net","POINT (2.06304 41.36841)",,,,,"41.36841","2.06304","Servei d'informació i atenció a les dones (SIAD) de Sant Joan Despí","Sant Joan Despí","934770051","Avinguda","Ajuntament de Sant Joan Despí"
"456","33","Quarter, 4","Baix Penedès","43700","Baix Penedès","pcandalija@elvendrell.net","POINT (1.53399 41.21687)",,,,,"41.21687","1.53399","Servei d'informació i atenció a les dones (SIAD) del Vendrell","El Vendrell","977181066","Carrer","Ajuntament del Vendrell"
"875","21","de Lluís Companys, 1, entresòl","Garrigues","25003","Segrià","icd.lleida@gencat.cat","POINT (0.619348 41.611962)",,,,,"41.611962","0.619348","Oficina d'informació de l'Institut Català de les Dones a Lleida","Lleida","973703658","Carrer","Generalitat de Catalunya"
"362","7","Progrés, 22","Ripollès","17500","Ripollès","dones@ripolles.cat","POINT (2.19435 42.19772)",,,,,"42.19772","2.19435","Servei d'informació i atenció a les dones (SIAD) del Ripollès","Ripoll","972715839","Carrer","Consell Comarcal del Ripollès"
"73","8","Voltes de Claris, 12","Berguedà","08600","Berguedà","igualtat@ccbergueda.cat","POINT (1.84699 42.10439)",,,,,"42.10439","1.84699","Servei d'informació i atenció a les dones (SIAD) del Berguedà","Berga","938213553","Carrer","Consell Comarcal del Berguedà"
"334","2","del doctor Carles Pol i Aleu, 5","Pallars Sobirà","25560","Pallars Sobirà","casaxorret@sort.cat","POINT (1.13153 42.41256)",,,,,"42.41256","1.13153","Servei d'informació i atenció a les dones (SIAD) de Sort","Sort","973620999","Carrer","Ajuntament de Sort"
"706","22","Hermanas de la Virgen Niña, 2","Vallès Oriental","08170","Vallès Oriental","igualtat@montornes.cat","POINT (2.26548 41.55315)",,,,,"41.55315","2.26548","Servei d'informació i atenció a les dones (SIAD) de Montornès del Vallès","Montornès del Vallès","935688127","Carrer","Ajuntament de Montornès del vallès"
